Track ID,Entry time,Exit Time,Movement Tracks
2,6,150,377,282,377,290,377,282,379,282,377,286,376,282,375,283,375,283,377,280
3,6,162,156,360,168,358,171,356,173,355,178,357,179,358,225,362,224,361
1,6,300,328,282,327,289,329,287,328,288,326,285,327,286,324,284,326,286,326,286,323,283,310,286,304,286,290,291,288,291,286,297,274,303,269,307,257,313,249,316,243,317,206,346,171,327,155,331
5,6,432,31,378,38,373,40,363,42,363,48,359,59,360,62,364,66,362,76,361,80,359,89,361,96,358,107,364,120,371,126,371,138,363,146,362,161,362,178,361,190,353,199,350,211,344,212,340,212,339,214,339,214,337,209,330,211,318,200,319,197,319,200,320,199,315,176,313,173,307,177,296,213,293,215,297,218,298
30,402,606,244,544,247,551,231,551,216,557,205,561,192,565,178,586,159,599,142,623,133,642,122,650,106,678,95,692,82,713,61,725,43,746,29,762,24,778,16,781
33,456,648,396,289,401,289,410,283,417,263,414,256,456,253
37,522,702,472,247,470,250,471,243,471,245,470,242,469,245
35,504,708,412,293,411,292,412,289,412,292,398,305,411,294,402,291,401,289,398,286,379,289,362,254
41,552,720,134,254,136,250,135,250,134,252,105,260
50,654,792,160,324,175,328,180,329,231,353
56,696,810,383,322,382,321,380,323,377,346
43,576,834,136,282,135,285,124,292,123,293,123,294,121,290,121,288,118,286,120,292,122,305,133,311,122,309,125,314,134,324,140,326,141,337,170,349,178,345,230,345
55,684,864,346,350,346,356,344,354,341,351,339,354,327,346,328,349,337,358,341,343,326,328,340,325
42,570,870,234,251,234,247,233,253,249,288,252,323,251,321,245,317,261,320,266,318,323,350
58,714,906,280,328,287,350,291,357,307,352,362,359,376,361,381,363,392,379,391,385,396,389,398,384,400,376,397,378,396,362
63,756,906,163,354,155,362,153,357,138,373,114,382,102,385,94,383,81,384,64,382,51,385
22,354,1080,208,322,208,328,198,327,205,343,200,344,205,340,201,349,201,343,201,344,209,345,210,345,200,345,195,340,193,341,192,329,192,329,191,328,190,325,181,317,194,315,202,300,176,317,173,322,180,326,177,329,162,328,143,313,140,319,138,313,136,307,133,291,120,320,121,318,121,316,117,312,107,315,96,294,89,296,94,295,142,322,168,327,218,365,210,373,207,372,200,373,197,375,180,362,180,362,178,357,175,359,174,356,170,356,172,356,171,359,170,353,170,357,174,359,173,361,174,374
4,6,1086,310,364,287,362,264,357,243,364,228,365,211,362,199,348,188,359,190,360,198,353,196,354,207,361,198,362,187,351,179,348,177,342,173,346,190,325,175,338,176,328,212,298,211,307,192,304,194,299,200,296,206,292,236,296,247,306,242,309,243,315,242,314,243,316,230,311,252,310,253,312,254,307,252,312,254,317,249,329,246,338,242,337,236,339,235,340,235,339,234,339,232,340,233,340,236,344,242,342,246,346,237,347,233,340,232,338,229,338,227,327,229,328,228,323,232,318,216,324,210,327,181,316,173,319,173,314,173,309,171,308,172,307,172,296,170,304,171,298,169,297,169,295,160,290,159,291,168,293,168,291,168,291,176,291,175,295,180,307,178,312,176,313,193,325,194,329,206,343,206,345,206,341,206,343,211,351,210,354,207,355,206,356,199,357,195,360,196,360,193,355,189,359,188,361,186,366,187,367,189,362,180,371,178,371,173,376,160,382,157,385,153,384,151,379,140,371,140,374,141,372,141,375,141,381,142,382,140,382,143,389,146,386,149,386,150,387,146,393,143,394,134,414,131,421,125,417,123,418,122,417,123,419,125,418,131,416,131,409,133,407,134,405,132,399,133,397,136,398,136,413
79,924,1128,362,328,357,329,356,329,359,326,355,341,357,326,354,344,355,350,356,344,354,342,353,344
67,786,1344,463,419,453,419,442,420,346,394,344,396,344,395,340,392,338,393,339,391,340,391,341,390,341,391,339,393,326,392,325,390,324,390,325,391,324,390,324,393,322,391,323,392,323,389,322,387,322,388,322,390,323,386,325,381,319,386,320,380,321,373,317,383,318,379,317,380,307,358,306,360,309,374,307,358,299,353,299,352,291,357,286,360,281,378,250,397,266,396,265,394
66,774,1422,367,376,363,379,363,385,364,383,366,382,378,363,381,362,393,355,391,355,390,356,384,358,383,355,392,349,396,351,398,349,396,347,400,345,398,344,397,344,395,344,396,342,394,342,397,340,394,341,393,340,393,341,392,344,389,343,381,346,376,344,377,347,377,345,378,348,381,350,383,354,383,357,383,353,382,351,382,351,380,350,378,349,372,346,371,346,365,348,365,343,362,346,362,347,358,348,356,349,352,349,347,353,346,356,348,354,351,350,348,352,348,352,352,350,348,347,348,348,344,348,342,345,347,348,347,347,347,349,347,351,346,348,344,349,344,353,342,355,342,362,339,360,338,358,337,362,336,371,336,365,336,365,335,365,329,363,327,371,325,374,323,378,338,379,337,378,338,354,338,353,340,325
112,1338,1452,172,357,173,357,175,358
65,768,1572,440,316,433,319,422,327,321,352,320,349,319,353,318,355,324,352,321,353,317,341,303,326,307,324,305,324,303,325,303,321,303,322,302,320,307,321,300,345,284,350,285,341,282,330,284,345,284,347,284,348,283,347,283,346,283,349,284,353,288,348,289,345,302,345,272,353
87,1008,1692,159,393,170,391,176,389,180,392,191,392,198,386,210,393,218,393,218,393,217,393,218,388,216,393,216,389,216,388,215,391,217,388,217,386,216,382,217,383,217,381,213,385,214,388,215,390,213,384,214,381,211,378,210,393,214,406,208,406,209,406,210,407,209,407,209,408,201,410,209,408,211,409,211,412,208,418,209,413,210,414,210,413,211,414,208,411,207,412,208,412,208,417,208,417,207,418,208,418,209,417,210,419,211,418,212,413,224,424,234,421,252,412,269,391,270,393,269,396,268,391,268,389,266,391,262,391,255,387,253,387,247,386,245,385,246,385,244,384,249,381,254,379,255,375,255,373,262,364,267,358,267,358
109,1290,1734,318,358,317,358,317,357,316,356,317,359,317,359,317,359,318,357,317,357,317,352,321,353,321,350,321,354,321,356,323,354,326,381,328,375,358,353,365,327,363,347,361,348,358,348,358,349,356,352,347,359,347,360,346,360,347,360,347,362,340,360,337,362,335,361,336,359,337,361,337,361,338,355,329,352,329,356,328,353,327,352,325,358
124,1482,1932,270,383,267,385,269,382,269,384,268,392,321,363,320,363,319,362,318,362,316,358,317,357,270,351,270,357,267,357,264,377,264,356,263,354,262,356,262,352,265,355,264,355
113,1344,1992,322,388,324,392,324,393,325,393,325,391,362,361,383,351,384,349,383,350,388,384,384,353,383,353,384,355,384,352,383,352,382,351,380,353,373,351,383,374,381,374,381,363,362,376,363,377,363,380,366,382,365,386,368,386,366,388,364,390,363,390,362,389,362,390,363,394,363,390,364,390,363,394,364,393,364,393,362,392,362,393,363,393,363,391,364,392,362,393,363,393,360,391,359,389,356,394,357,390,359,392,358,389,360,391,355,394,353,398,353,404,354,405,356,405,360,409,364,409,376,418,378,416,378,420,381,422,389,419,392,422,394,427,401,426,404,428,414,429,427,423,437,421,447,420,458,424,459,414
134,1926,2112,311,342,308,340,308,341,308,343,304,343,303,344,299,344,298,347,296,352,293,353,288,353,292,358,291,355,290,358,290,357,290,358
143,2142,2286,230,328,231,326,233,324,233,325,230,325,229,325,230,323,228,323
73,900,2292,31,376,33,374,42,374,45,386,47,380,46,372,49,378,53,375,59,374,63,376,66,378,71,379,70,377,71,377,70,378,70,376,70,375,70,376,70,372,70,372,70,374,69,374,69,373,69,373,68,373,68,372,68,372,68,371,71,365,71,363,71,365,72,365,75,365,80,366,82,371,87,373,89,365,93,364,95,363,95,365,95,364,95,364,96,364,96,364,96,364,96,364,95,363,95,364,94,364,91,371,90,379,90,378,89,379,87,383,87,385,87,385,87,387,86,386,86,385,85,386,86,387,87,389,88,391,89,394,90,395,90,394,88,393,88,393,89,393,88,394,89,393,88,392,89,394,90,396,90,395,91,397,93,394,93,397,95,398,97,399,98,400,107,405,122,399,136,397,151,387,162,384,171,382,175,388,176,381,179,377,180,382,182,383,187,383,190,385,192,386,196,388,198,391,198,391,198,390,198,393,199,392,200,392,200,390,201,392,197,398,195,405,194,405,195,406,197,408,200,408,207,407,216,407,219,409,236,413,236,408,236,409,235,408,235,407,234,406,237,406,236,405,235,406,236,410,230,413,230,414,229,417,230,415,230,416,226,418,227,419,224,412,219,407,218,406,219,405,216,399,216,405,217,400,218,399,218,407,215,406,210,405,209,398,213,396,196,396,193,395,192,398,190,397,182,393,158,383,157,379,142,377,138,377,124,377,69,361,59,361,48,355,40,354,32,349,25,354,10,353
151,2340,2448,142,297,142,298,143,310
138,1974,2598,346,356,343,362,339,361,339,362,339,362,340,363,339,361,338,360,339,360,327,355,325,354,322,355,322,353,321,352,320,351,319,349,320,349,304,310,304,309,308,298,305,309,303,308,302,306,301,308,300,311,303,316,305,312,305,310,305,309,303,314,304,315,327,314,323,314,325,313,325,315,325,315,325,315,318,314,326,317,321,315,326,306,326,299,328,306,342,292,327,307,334,299,327,299,341,298,344,299,345,291,344,298,345,296,343,284,341,286
157,2418,2712,249,320,248,319,249,322,253,317,267,318,265,318,267,320,267,325,266,321,266,323
164,2490,2712,60,461,70,461,81,457,89,455,98,450,105,442,115,444,122,438,126,431,142,424,178,421,192,420,236,398
119,1434,2718,408,314,408,313,408,312,408,313,408,313,407,310,407,312,404,310,397,311,383,315,384,319,382,320,383,315,382,314,382,320,382,319,381,317,381,316,376,315,374,317,374,317,366,317,365,319,366,314,365,313,366,319,364,315,363,314,362,316,363,316,364,317,364,315,364,318,364,316,363,315,362,314,363,315,361,311,361,314,347,318,348,322,346,322,345,327,346,321,345,324,342,322,336,328,335,329,334,328,334,328,329,326,335,325,337,320,344,316,346,314,346,309,363,295,363,293,362,292,356,286,355,291,353,295,337,319,307,319,319,327,318,328,317,325,316,322,319,316,318,318,318,291,318,294,308,311,303,315,308,312,304,313,303,316,301,317,302,314,303,312,305,312,303,312,301,312,301,313,323,288,322,295,335,286,337,285,341,285,346,294,346,295,346,294,346,296,346,297,346,297,346,297,352,294,352,295,352,295,352,297,346,297,352,293,346,291,343,292,346,298,352,312,335,311
146,2256,2724,42,320,43,323,47,317,50,316,56,312,59,314,60,314,67,318,75,314,84,317,88,315,96,314,101,315,105,314,112,313,117,312,123,312,126,315,131,315,139,313,145,312,150,310,151,307,152,306,154,306,155,307,155,308,155,307,155,308,156,308,156,309,156,310,158,308,159,308,164,306,170,306,169,297,171,304,171,304,171,304,170,303,171,304,171,304,171,304,170,304,170,305,170,305,170,298,173,303,173,298,175,296,174,295,174,296,173,296,173,296,174,296,178,296,180,305,187,315,180,317,164,316
161,2466,2724,28,480,26,454,28,452,34,444,40,447,42,444,43,441,44,438,43,437,42,437,41,437,39,438,34,438,38,438,40,441,42,441,42,440,42,445,39,443,34,448,31,448,30,453,30,461,32,464,28,471,14,463
90,1050,2772,345,324,339,320,339,323,321,356,316,376,306,379,307,387,310,385,307,392,306,393,265,395,264,413,260,413,255,418,253,418,252,423,250,419,252,416,252,421,253,424,247,431,245,431,244,430,244,429,243,426,244,425,244,425,252,431,262,430,270,422,277,417,285,412,290,407,292,404,293,404,291,399,290,399,293,403,293,403,290,399,293,399,291,398,292,398,292,397,290,398,290,397,290,396,290,397,286,393,288,396,287,404,286,396,302,379,308,384,303,386,309,386,309,379,316,382,317,381,310,386,310,387,306,384,303,387,302,386,299,383,297,383,292,388,291,388,292,389,300,386,302,388,304,382,306,379,305,375,305,374,304,373,308,364,306,365,308,366,310,372,309,371,308,372,303,377,301,377,298,380,297,382,297,383,300,384,301,385,303,384,307,389,305,382,306,382,307,381,305,381,305,382,305,383,307,383,306,385,303,386,300,382,302,379,301,375,304,376,307,373,307,371,300,365,290,357,286,358,275,357,278,356,284,350,283,344,281,353,284,358,265,355,267,359,267,360,272,364,266,362,267,361,268,364,270,363,271,373,272,361,274,361,270,360,264,358,268,354,270,354,269,353,268,350,269,352,271,356,271,353,270,352,268,347,266,340,267,343,268,339,267,329,266,330,266,326,265,327,265,321,264,317,264,318,264,317,262,317,262,316,264,318,263,317,262,316,262,316,263,314,263,313,263,319,263,324,264,327,264,328,264,328,264,326,264,327,263,338,264,328,264,331,264,328,264,329,263,327,263,329,265,327,265,327,264,328,254,340,255,339,262,326,262,327,255,339,254,340,255,339,265,329,270,330,272,331,273,330,274,329,274,329,274,330,285,324,287,322,289,322,288,321,273,326,289,325,283,326,288,323,290,324,293,324,293,320,293,321,292,323,291,326,304,320,305,319,291,325,291,321,302,317,291,320,291,324,303,321,288,319,290,316,289,317,290,315,290,313,291,312,291,314,291,317,292,318,291,331,286,331,270,328,248,316,245,318,254,312
176,2646,2820,103,353,100,351,101,354,87,317,83,320,78,320,68,325,66,344,66,354,62,362,65,374
165,2532,2832,58,339,69,330,75,323,80,322,86,327,91,322,95,325,99,323,101,323,106,322,113,324,120,330,133,345,135,351,125,347,170,352,170,359,169,375,169,388,174,396,187,405
190,2760,3018,300,381,300,373,309,363,325,358,429,384
204,3084,3198,271,341,268,344,269,345,269,347
202,3000,3294,309,340,308,325,308,327,308,325,309,323,339,290,338,288,338,290,337,290,337,282,338,283,335,275,335,276,337,275
211,3144,3324,151,310,151,308,154,294,159,292,168,289,169,283,196,292
187,2742,3372,96,383,108,380,114,377,125,375,138,377,150,365,156,364,163,371,162,373,169,373,176,377,179,378,179,379,180,379,180,379,180,376,175,364,178,360,177,361,188,362,197,358,196,359,197,360,197,362,196,361,199,351,210,347,209,330,217,327,225,326,225,326,225,325,218,318,218,316,225,319,218,312,217,310,218,313,217,310,215,310,213,309,216,311,215,312,216,311,216,312,213,312,213,312,212,312,212,311,215,285,213,291,214,287,213,291,214,289,214,287,214,289,214,291,217,324,216,322
220,3270,3384,379,345,379,346,380,346,377,347
222,3300,3408,360,352,343,354,337,356
203,3066,3444,249,319,254,322,250,319,227,322,219,315,225,318,218,314,218,315,227,284,250,281,247,260,248,263,248,261,248,260,251,262,248,262,246,259,227,254
216,3246,3456,14,625,25,614,29,613,28,614,29,613,30,611,29,610,28,609,26,610,23,612,24,622,23,613,26,614,24,612,24,612,24,611,22,614,22,614,22,615,22,613
232,3486,3678,340,210,340,209,339,210,339,211,339,210,339,211,339,212,339,212,339,211
240,3546,3696,412,324,412,311,400,312
206,3090,3738,234,345,235,346,235,343,236,342,235,343,234,345,232,342,250,320,250,320,249,321,250,323,252,321,252,322,253,325,253,318,263,314,264,317,265,317,265,316,271,307,267,293,267,293,268,289,267,285,266,290,266,293,265,292,268,291,271,291,254,280,264,281,270,277,252,276,255,220,254,224,264,213
236,3510,3744,310,226,308,226,309,226,307,224,304,223,305,223,304,223,305,222,304,221,303,219,298,244
218,3252,3750,307,287,308,287,306,289,304,293,304,291,308,293,307,293,306,292,304,294,304,294,304,294,307,291,304,290,304,286,306,286,305,280,305,283,304,283,300,286,289,288,288,290,287,292,286,289,287,290,287,291,286,290,308,278,306,282,338,253,335,255,326,254
230,3474,3750,211,224,211,227,210,227,211,227,209,227,211,226,214,241,212,222,210,226,211,246,229,248,250,240,243,243
244,3594,3774,274,282,271,277,270,286,270,290,263,307,254,315,233,315,192,319
271,3786,3954,360,285,365,292,378,283,418,248,457,214
264,3732,3984,159,277,158,280,157,292,151,311,154,293,140,310,134,297,134,315,131,314,127,313,126,320,125,321,123,310,124,311,68,324,68,326
147,2262,4026,172,342,171,343,171,346,173,346,168,347,172,350,162,345,162,345,161,345,161,343,162,343,162,342,162,341,162,340,169,346,169,344,177,340,178,340,180,338,181,330,189,344,190,343,188,340,188,340,188,341,189,342,189,341,190,341,187,329,189,327,190,329,193,327,197,329,199,331,199,328,208,324,207,321,210,318,210,318,211,321,208,316,208,315,208,320,209,318,208,315,208,316,210,320,211,323,198,345,198,349,208,355,208,383,226,397,234,385,228,387,242,389,253,384,262,381,262,382,262,379,265,384,267,380,271,382,280,371,281,362,288,362,289,355,288,341,309,324,307,321,309,324,310,326,310,325,309,325,308,325,307,324,306,324,306,325,305,325,304,324,303,323,303,326,304,320,303,315,304,312,303,311,304,310,305,310,304,309,303,306,302,307,303,307,304,307,304,308,304,307,304,308,303,308,303,308,305,307,310,293,310,294,319,286,330,281,336,279,336,278,335,278,335,278,336,277,335,276,335,275,334,277,335,277,333,277,335,276,334,277,335,279,335,273,334,272,335,271,335,264,334,263,334,271,330,273,327,273,326,272,321,277,317,278,315,284,310,287,308,289,308,290,308,290,308,292,307,288,308,285,282,275,272,255,288,246,244,277,230,284,228,287,227,287,226,285,220,282,215,284,226,278,226,277,226,278,225,278,225,276,210,278,225,276,226,276,226,276,227,276,229,276,229,275,229,277,227,275,228,276,226,260,225,260,225,260
265,3732,4026,125,331,125,339,119,351,117,357,114,355,109,361,108,362,108,362,108,361,106,360,105,362,105,356,82,348,80,354,66,347,66,348
266,3732,4026,178,260,174,258,175,278,173,282,171,281,168,283,169,285,163,287,162,286,162,281,162,281,162,280,161,284,162,284,160,282,158,283,153,282,144,281,144,286,141,290,141,287,140,291,138,292
270,3768,4026,196,284,195,281,193,279,193,279,190,279,195,278,193,262,193,255
272,3798,4026,470,250,469,250,469,251,465,253,458,257,453,256,401,286,398,285,398,286,395,287,394,291,395,289,394,288
179,2652,4044,192,396,192,383,197,387,211,390,208,384,205,391,213,397,195,386,207,393,216,386,249,390,251,358,282,327,283,329,282,325,282,324,281,325,282,327,283,322,281,319,281,320,282,319,281,320,281,321,281,321,279,323,279,324,279,323,279,324,279,320,284,311,285,310,283,307,269,294,269,291,269,291,247,252,248,252,246,256,230,254,226,255,231,249,232,254,215,227,216,226,218,227,216,225,216,229,211,245,226,245,244,244,250,254,252,257,251,251,248,250,274,247,269,252,271,252,270,254,269,256,267,253,268,252,268,253,267,252,268,249,269,248,269,245,267,247,266,249,268,251,266,255,265,248,265,249,268,256
273,3810,4062,193,276,189,277,189,277,191,278,199,290,198,292,198,288,199,284,236,289,231,279,229,280
301,3972,4080,27,448,31,458,46,456
291,3948,4092,190,329,181,339,178,338,133,349,134,353
299,3966,4110,470,289,471,291,469,292,452,313,410,347
289,3936,4164,373,322,366,330,362,348,361,345,360,347,356,347,354,349,348,350,344,354,341,358,336,359,334,361,327,365,327,365,323,366,323,366,324,366,326,366
288,3936,4194,124,331,117,344,116,349,117,354,116,357,112,357,107,363,123,393,120,394,119,392,126,407,134,414,141,421
286,3918,4206,215,326,215,326,216,325,210,315,229,309,215,320,213,319,209,325,161,359,152,357,145,379,150,374,151,380,162,382
261,3696,4224,417,290,427,288,431,287,432,290,434,294,437,294,438,295,435,294,433,307,429,317,426,320,422,319,421,321,421,321,420,321,419,322,419,322,419,321,420,322,419,322,419,323,420,321,420,321,421,321,421,318,417,320,411,319,418,321,412,310,413,313,418,320,412,311,418,318,418,317,418,317,418,315,418,308,418,308,418,308,431,307,428,320,423,322,420,324,418,327,417,325,418,327,418,327,413,326,409,331,402,332,398,339,393,342,393,341,400,328,403,329,405,327,405,326,407,327,409,327,408,329,412,328,420,331,429,332,433,332,436,338
315,4092,4230,143,443,152,447,161,448,167,453
308,4020,4236,139,431,150,426,139,425,151,420,156,418,174,390,181,385,188,389,192,393,209,393
319,4152,4260,175,318,180,315,178,314
309,4020,4272,40,479,41,482,42,496,37,523,39,546,99,754,109,766
285,3918,4296,7,326,7,323,7,323,12,477,14,479,15,480,14,490,14,515,16,518,22,528,21,532,26,533,38,539,49,544,60,548,70,556,80,552,87,649,85,654,82,660,80,663,77,664
275,3816,4314,7,325,7,324,7,325,6,326,70,356,71,358,70,362,69,363,70,355,97,372,95,382,90,408,87,408,88,409,86,419,85,420,85,422,84,419,95,430,97,439,103,440,112,440,118,446,130,444,223,543,273,592
331,4176,4320,403,609,400,618,397,630,394,632,392,641,384,660
341,4218,4326,447,684,446,686,445,691
342,4224,4344,471,624,471,627,470,628,470,630
349,4266,4398,293,756,300,760,293,760,292,763,300,752,303,759
327,4170,4422,450,590,447,611,446,615,440,620,438,628,438,630,436,630,434,647,431,646,430,650,429,651,429,651,430,657,430,658,430,660,432,663,432,664,431,664,432,664,433,683,438,680
329,4176,4446,117,651,117,660,117,664,99,696,100,696,100,724,101,720,99,720,100,716,102,718,102,717,102,724
358,4332,4446,141,713,140,715,153,719,158,717
343,4230,4500,458,641,454,642,458,643,457,646,457,649,467,649,468,649,458,656,458,651,467,683,446,699
338,4206,4530,11,775,11,780,12,781,14,779,14,778,14,780,15,780,16,780,17,784,20,784,23,783,24,781,86,719,88,716,88,713,94,712,96,715,124,679,130,663,133,650
346,4248,4536,212,788,219,789,226,792,234,789,242,786,250,785,257,787,267,788,279,793,285,794,288,796,292,795,347,782,358,782,360,780,362,759,364,748,371,743,376,747
370,4422,4548,452,674,456,665,465,663,467,664,471,666
376,4440,4554,15,825,21,794,13,790
355,4308,4566,254,589,251,592,252,594,249,593,247,594,247,596,247,611,250,611,253,620,254,619,254,618,252,617,249,615,252,619,249,618,291,615,290,615
337,4206,4572,69,676,69,679,64,683,62,684,62,683,63,687,64,684,65,687,64,689,63,695,63,695,63,696,63,696,61,697,63,699,64,710,65,712,65,714,67,714,69,711,70,711,71,712,73,710,78,711,81,713,106,699,108,697,112,698,117,692,124,691,142,678
373,4434,4596,419,746,419,751,429,757,464,743,466,724
323,4170,4680,50,650,45,659,45,663,42,674,43,678,47,683,41,685,33,692,32,693,31,695,28,696,28,699,32,709,29,713,30,714,30,715,29,714,29,721,28,724,30,728,33,730,33,731,33,730,34,729,34,731,34,743,34,745,32,749,31,748,31,750,31,752,30,750,31,751,33,747,32,750,33,721,22,728,10,680,10,675,9,675,9,675,9,675,11,658,14,646
396,4518,4680,380,491,377,481,377,483,372,478,382,457
379,4452,4740,120,647,116,645,114,646,115,626,153,594,154,585,159,545,155,578,323,520
418,4620,4746,307,564,309,556,305,560,302,559
419,4626,4746,346,682,345,681,345,683
406,4578,4752,44,632,42,644,44,617,47,615,49,608,49,594,50,587,53,580,58,577,63,590,67,575,67,588
427,4656,4770,464,666,463,664,463,666
436,4746,4866,263,451,264,450,265,454,265,456,263,457
431,4680,4872,170,496,171,496,168,498,170,495,170,492,179,490,178,490
433,4692,4872,402,420,399,419,397,421,325,482,324,486
386,4482,4968,57,678,53,666,53,657,58,645,61,642,69,632,80,613,80,615,79,610,79,610,82,595,87,591,89,587,95,583,95,588,95,587,98,585,101,583,72,557,78,558,79,558,79,558,81,556,82,552,85,550,82,550,82,550,82,550,83,549,84,549,84,548,84,548,85,548,84,546,84,547,83,549,84,548,84,548,84,550,84,548,85,546,86,546,85,544,85,545,86,540,86,541,84,554,85,540
438,4752,5028,237,449,237,448,244,450,325,483,328,481,326,479,325,482,325,484,341,478,373,480,411,509
461,4872,5076,418,455,418,455,418,458,395,455,398,453,356,458,320,460
408,4584,5118,7,715,7,714,8,712,12,693,12,692,14,690,14,692,15,688,15,685,21,658,15,684,15,681,15,683,15,660,15,657,15,678,15,677,15,676,15,662,14,661,15,678,15,677,13,675,14,662,15,676,14,661,24,657,11,653,12,647,13,644,9,642
365,4374,5125,51,795,50,797,49,797,48,792,47,792,47,788,49,789,51,753,50,723,49,752,42,758,66,722,64,696,67,654,81,655,77,657,94,615,98,613,104,590,108,587,112,584,114,581,116,561,117,560,119,554,120,555,122,557,123,555,122,555,122,554,123,549,123,549,123,548,124,549,124,548,122,548,123,554,124,552,125,554,123,552,122,552,122,550,123,548,125,553,126,554,124,550,131,550,134,547,133,548,133,546,119,545,121,544,132,526,132,523,133,524,134,523,133,523,133,522,133,521,133,519,132,521,132,518,134,514,160,528,159,524,160,490
440,4764,5125,87,595,86,594,86,594,89,585,97,593,87,533,87,533,87,531,87,530,87,530,85,531,85,531,87,531,86,529,86,527,87,529,86,529,87,526,89,523,94,518,94,515,95,513,96,511,95,511,95,507,95,508,95,507,97,498,98,497,99,491,99,485,100,484,100,483,100,483,100,482,100,482,99,483,99,482,99,482,99,479,97,473
449,4818,5125,51,594,52,590,51,585,125,548,133,544,133,544,126,546,134,529,138,526,138,521,139,519,137,511,136,511,141,496,143,485,143,479,143,478,142,478,143,477,143,477,143,476,144,480,141,479,141,474
459,4866,5125,322,476,319,475,320,478,320,476,322,475,325,494,326,492,337,453,360,425,345,420
470,4980,5125,468,628,470,625,471,619,471,622,470,614,470,612,472,585,472,584,472,585,472,585,472,586,471,586,471,585,471,582,469,577
483,5016,5125,379,452,381,451,381,449,378,445,323,455,319,452,319,456,326,459,325,462,325,454,326,442
487,5046,5125,285,388,286,385,287,377,283,379,283,376,281,374,286,381,281,382,278,378
489,5058,5125,246,389,246,391,248,389,255,387
